<GameData>
	<!-- Embassies allowed from game start. -->
	<Technologies>
		<Update>
			<Set AllowEmbassyTradingAllowed="false" />
			<Where Type="TECH_WRITING" />
		</Update>
		<Update>
			<Set AllowEmbassyTradingAllowed="true" />
			<Where Type="TECH_AGRICULTURE" />
		</Update>
	</Technologies>

	<Language_en_US>
		<Delete Tag="TXT_KEY_CONCEPT_DIPLOMACY_EMBASSY_SUMMARY" />
		<Row Tag="TXT_KEY_CONCEPT_DIPLOMACY_EMBASSY_SUMMARY">
			<Text>Establishing an Embassy is one of the first diplomatic actions available after meeting another civilization. Embassies are necessary for trading Open Borders or making Defensive Pacts or Research Agreements, and once set up, will also show you the location of an opposing player's capital.Other civilizations may ask for a small sum of gold as compensation for establishing an embassy. Going to war will immediately close down opposing embassies.</Text>
		</Row>
	</Language_en_US>
	<Language_DE_DE>
		<Delete Tag="TXT_KEY_CONCEPT_DIPLOMACY_EMBASSY_SUMMARY" />
		<Row Tag="TXT_KEY_CONCEPT_DIPLOMACY_EMBASSY_SUMMARY">
			<Text>Die Errichtung einer Botschaft ist eine der ersten diplomatischen Aktionen, nachdem man eine andere Zivilisation getroffen hat; die Botschaft ist ab Beginn des Spiels verfügbar. Botschaften sind notwendig für den Austausch offener Grenzen oder um Verteidigungsbündnisse oder Forschungsabkommen zu schließen. Sobald die Botschaft errichtet ist, zeigt sich auch die Hauptstadt des Gegenspielers. Eventuell bittet eine andere Zivilisation um eine kleine Goldsumme als Ausgleich für die Einrichtung einer Botschaft. Wenn man den Krieg erklärt, werden gegnerische Botschaften sofort geschlossen.</Text>
		</Row>
	</Language_DE_DE>

</GameData>