<?xml version="1.0" encoding="utf-8"?>
<!-- Created by ModBuddy on 9/19/2012 6:52:52 PM -->
<!-- Version 5 -->
<GameData>
	<UnitPromotions>
		<InsertOrAbort>
			<Type>PROMOTION_CREATED</Type>
			<Description>TXT_KEY_PROMOTION_CREATED</Description>
			<Help>TXT_KEY_PROMOTION_CREATED_HELP</Help>
			<Sound>AS2D_IF_LEVELUP</Sound>
			<CannotBeChosen>true</CannotBeChosen>
			<PortraitIndex>26</PortraitIndex>
			<IconAtlas>PROMOTION_ATLAS</IconAtlas>
			<PediaType>PEDIA_SHARED</PediaType>
			<PediaEntry>TXT_KEY_PROMOTION_CREATED</PediaEntry>
		</InsertOrAbort>
		<!-- Units given the marked for death promotion will be deleted after all hooked unit created code executes. -->
		<InsertOrAbort>
			<Type>PROMOTION_MARKED_FOR_DEATH</Type>
			<Description>TXT_KEY_PROMOTION_MARKED_FOR_DEATH</Description>
			<Help>TXT_KEY_PROMOTION_MARKED_FOR_DEATH_HELP</Help>
			<Sound>AS2D_IF_LEVELUP</Sound>
			<CannotBeChosen>true</CannotBeChosen>
			<PortraitIndex>26</PortraitIndex>
			<IconAtlas>PROMOTION_ATLAS</IconAtlas>
			<PediaType>PEDIA_SHARED</PediaType>
			<PediaEntry>TXT_KEY_PROMOTION_CREATED</PediaEntry>
		</InsertOrAbort>
	</UnitPromotions>

	<Language_en_US>
		<Delete Tag="TXT_KEY_PROMOTION_CREATED" />
		<Row Tag="TXT_KEY_PROMOTION_CREATED">
			<Text>Created</Text>
		</Row>
		<Delete Tag="TXT_KEY_PROMOTION_CREATED_HELP" />
		<Row Tag="TXT_KEY_PROMOTION_CREATED_HELP">
			<Text>This promotion is only used internally and has no effect. Ignore it.</Text>
		</Row>
		<Delete Tag="TXT_KEY_PROMOTION_MARKED_FOR_DEATH" />
		<Row Tag="TXT_KEY_PROMOTION_MARKED_FOR_DEATH">
			<Text>Marked for Death</Text>
		</Row>
		<Delete Tag="TXT_KEY_PROMOTION_MARKED_FOR_DEATH_HELP" />
		<Row Tag="TXT_KEY_PROMOTION_MARKED_FOR_DEATH_HELP">
			<Text>This promotion is only used internally and has no effect. Units with it should be automatically deleted.</Text>
		</Row>
	</Language_en_US>
</GameData>